FID	IID	PC1	PC2
NA20502	TSI	-0.0290091349891048	0.0709324949111475
